UserID,Name,JoinDate,Location
U0001,Arjun Mehta,2023-01-15,India
U0002,Emily Johnson,2023-02-02,USA
U0003,Rajesh Kumar,2023-02-20,India
U0004,Sophie Williams,2023-03-05,UK
U0005,Aarav Sharma,2023-03-18,India
U0006,Daniel Smith,2023-04-02,Canada
U0007,Olivia Brown,2023-04-15,Australia
U0008,Neha Patel,2023-05-01,India
U0009,William Taylor,2023-05-20,USA
U0010,Hannah Martin,2023-06-01,UK
U0011,Krishna Iyer,2023-06-15,India
U0012,Lucas Anderson,2023-07-01,USA
U0013,Ananya Singh,2023-07-18,India
U0014,Jack Wilson,2023-08-02,Australia
U0015,Aditi Nair,2023-08-15,India
U0016,James Thompson,2023-09-01,UK
U0017,Grace White,2023-09-15,USA
U0018,Rohan Gupta,2023-09-30,India
U0019,Isabella Lewis,2023-10-05,Canada
U0020,Ethan Harris,2023-10-20,Australia
U0021,Mia Clark,2023-11-01,UK
U0022,Vikram Desai,2023-11-15,India
U0023,Amelia Scott,2023-12-01,USA
U0024,Noah King,2023-12-15,Australia
U0025,Harini Reddy,2024-01-05,India
U0026,Benjamin Hall,2024-01-20,UK
U0027,Sarah Young,2024-02-01,USA
U0028,Aditya Verma,2024-02-15,India
U0029,Chloe Green,2024-03-01,Australia
U0030,Ayaan Khan,2024-03-15,India
U0031,Michael Baker,2024-04-01,USA
U0032,Saanvi Joshi,2024-04-15,India
U0033,Jacob Carter,2024-05-01,UK
U0034,Emma Turner,2024-05-15,USA
U0035,Ishaan Malhotra,2024-06-01,India
U0036,Charlotte Hill,2024-06-15,Australia
U0037,David Wright,2024-07-01,UK
U0038,Diya Chakraborty,2024-07-15,India
U0039,Matthew Lopez,2024-08-01,USA
U0040,Shruti Menon,2024-08-15,India
U0041,Joshua Allen,2024-09-01,Canada
U0042,Liam Parker,2024-09-15,UK
U0043,Anushka Raj,2024-10-01,India
U0044,Sophia Mitchell,2024-10-15,Australia
U0045,Arnav Kulkarni,2024-11-01,India
U0046,Daniel Evans,2024-11-15,USA
U0047,Aarohi Bhatia,2024-12-01,India
U0048,Henry Phillips,2024-12-15,UK
U0049,Kiara Kapoor,2025-01-05,India
U0050,Alexander Morris,2025-01-20,Canada
U0051,Vihaan Rathi,2025-02-01,India
U0052,Isla Collins,2025-02-15,Australia
U0053,Atharv Sinha,2025-03-01,India
U0054,Mason Rivera,2025-03-15,USA
U0055,Zara Choudhury,2025-04-01,India
U0056,Owen Bennett,2025-04-15,UK
U0057,Anvi Ghosh,2025-05-01,India
U0058,Leo Adams,2025-05-15,Canada
U0059,Riya Das,2025-06-01,India
U0060,Nathan Murphy,2025-06-15,Australia
U0061,Ishika Agarwal,2025-07-01,India
U0062,Charlotte Foster,2025-07-15,UK
U0063,Rudra Chavan,2025-07-25,India
U0064,Sebastian Cook,2025-07-30,USA
U0065,Maya Iqbal,2025-07-31,India
U0066,Jack Roberts,2025-08-01,Australia
U0067,Anaya Malhotra,2025-08-02,India
U0068,Oliver Hughes,2025-08-03,Canada
U0069,Tanishq Jain,2025-08-04,India
U0070,Harper Ross,2025-08-05,UK
U0071,Prisha Kaur,2025-08-06,India
U0072,Daniel Price,2025-08-06,USA
U0073,Ayush Pandey,2025-08-06,India
U0074,Victoria Gray,2025-08-06,Australia
U0075,Manav Kapoor,2025-08-06,India
U0076,Henry Cooper,2025-08-06,UK
U0077,Meera Pillai,2025-08-06,India
U0078,Lucas Ward,2025-08-06,Canada
U0079,Aditi Jain,2025-08-06,India
U0080,Elijah Bell,2025-08-06,Australia
U0081,Rohan Saxena,2025-08-06,India
U0082,Amelia Hughes,2025-08-06,USA
U0083,Kabir Shetty,2025-08-06,India
U0084,Sophia Long,2025-08-06,UK
U0085,Aarav Banerjee,2025-08-06,India
U0086,James Edwards,2025-08-06,Canada
U0087,Nisha Joshi,2025-08-06,India
U0088,Michael Ward,2025-08-06,Australia
U0089,Anirudh Reddy,2025-08-06,India
U0090,Emma Russell,2025-08-06,UK
U0091,Devanshi Shah,2025-08-06,India
U0092,Andrew Hughes,2025-08-06,USA
U0093,Siddharth Tiwari,2025-08-06,India
U0094,Olivia Carter,2025-08-06,Australia
U0095,Ayaan Deshmukh,2025-08-06,India
U0096,Benjamin Clark,2025-08-06,Canada
U0097,Ira Malhotra,2025-08-06,India
U0098,Ethan Lewis,2025-08-06,UK
U0099,Navya Kulkarni,2025-08-06,India
U0100,Jack Anderson,2025-08-06,USA
U0101,Anaya Kapoor,2025-08-06,India
U0102,Noah Bennett,2025-08-06,Australia
U0103,Vihaan Malhotra,2025-08-06,India
U0104,Emily Davis,2025-08-06,Canada
U0105,Aryan Mehta,2025-08-06,India
U0106,Lucas Scott,2025-08-06,UK
U0107,Riya Singh,2025-08-06,India
U0108,Ethan Martin,2025-08-06,USA
U0109,Saanvi Agarwal,2025-08-06,India
U0110,Olivia Hall,2025-08-06,Australia
U0111,Aditya Kapoor,2025-08-06,India
U0112,Henry Thompson,2025-08-06,Canada
U0113,Meera Joshi,2025-08-06,India
U0114,Michael King,2025-08-06,UK
U0115,Anushka Patel,2025-08-06,India
U0116,James Wright,2025-08-06,USA
U0117,Arnav Iyer,2025-08-06,India
U0118,Chloe Harris,2025-08-06,Australia
U0119,Krishna Shah,2025-08-06,India
U0120,Daniel Young,2025-08-06,Canada
U0121,Diya Nair,2025-08-06,India
U0122,William Turner,2025-08-06,UK
U0123,Ishaan Khanna,2025-08-06,India
U0124,Sophia Edwards,2025-08-06,USA
U0125,Aarohi Reddy,2025-08-06,India
U0126,Oliver Russell,2025-08-06,Australia
U0127,Arjun Desai,2025-08-06,India
U0128,Jack Robinson,2025-08-06,Canada
U0129,Prisha Malhotra,2025-08-06,India
U0130,Amelia Foster,2025-08-06,UK
U0131,Rudra Bansal,2025-08-06,India
U0132,Joshua Walker,2025-08-06,USA
U0133,Kiara Chawla,2025-08-06,India
U0134,Ethan Mitchell,2025-08-06,Australia
U0135,Manav Jain,2025-08-06,India
U0136,Benjamin Gray,2025-08-06,Canada
U0137,Navya Pillai,2025-08-06,India
U0138,Daniel Cooper,2025-08-06,UK
U0139,Ayaan Saxena,2025-08-06,India
U0140,Harper Hughes,2025-08-06,USA
U0141,Nisha Kapoor,2025-08-06,India
U0142,Andrew Price,2025-08-06,Australia
U0143,Arnav Gupta,2025-08-06,India
U0144,Grace Cook,2025-08-06,Canada
U0145,Ira Sharma,2025-08-06,India
U0146,Jacob Allen,2025-08-06,UK
U0147,Advik Verma,2025-08-06,India
U0148,Isabella Ross,2025-08-06,USA
U0149,Saanvi Krishnan,2025-08-06,India
U0150,Liam Hughes,2025-08-06,Australia
U0151,Atharv Sethi,2025-08-06,India
U0152,Emily Morris,2025-08-06,Canada
U0153,Anvi Raina,2025-08-06,India
U0154,Mason Clark,2025-08-06,UK
U0155,Vihaan Nanda,2025-08-06,India
U0156,Sophia Brooks,2025-08-06,USA
U0157,Pranav Bhatt,2025-08-06,India
U0158,Leo Ward,2025-08-06,Australia
U0159,Riya Kaul,2025-08-06,India
U0160,Ethan Hughes,2025-08-06,Canada
U0161,Meera Chopra,2025-08-06,India
U0162,Jack White,2025-08-06,UK
U0163,Aarav Rathi,2025-08-06,India
U0164,Olivia Carter,2025-08-06,USA
U0165,Siddharth Malhotra,2025-08-06,India
U0166,Charlotte Green,2025-08-06,Australia
U0167,Krishna Chawla,2025-08-06,India
U0168,Henry Ross,2025-08-06,Canada
U0169,Ananya Deshmukh,2025-08-06,India
U0170,James Hall,2025-08-06,UK
U0171,Kabir Kapoor,2025-08-06,India
U0172,Amelia Lewis,2025-08-06,USA
U0173,Manan Suri,2025-08-06,India
U0174,Sophie Adams,2025-08-06,Australia
U0175,Vihaan Iqbal,2025-08-06,India
U0176,Daniel Hughes,2025-08-06,Canada
U0177,Ira Gupta,2025-08-06,India
U0178,Ethan Robinson,2025-08-06,UK
U0179,Aarohi Pillai,2025-08-06,India
U0180,Noah Cooper,2025-08-06,USA
U0181,Aditya Khurana,2025-08-06,India
U0182,Chloe Turner,2025-08-06,Australia
U0183,Rohan Malhotra,2025-08-06,India
U0184,Liam Scott,2025-08-06,Canada
U0185,Anvi Menon,2025-08-06,India
U0186,Oliver King,2025-08-06,UK
U0187,Atharv Singh,2025-08-06,India
U0188,Grace Edwards,2025-08-06,USA
U0189,Prisha Sharma,2025-08-06,India
U0190,Jacob Carter,2025-08-06,Australia
U0191,Arjun Bhatia,2025-08-06,India
U0192,Emily Lopez,2025-08-06,Canada
U0193,Manav Khanna,2025-08-06,India
U0194,James Mitchell,2025-08-06,UK
U0195,Kiara Jain,2025-08-06,India
U0196,Noah Foster,2025-08-06,USA
U0197,Saanvi Sethi,2025-08-06,India
U0198,Leo Gray,2025-08-06,Australia
U0199,Aarav Chatterjee,2025-08-06,India
U0200,Charlotte Hill,2025-08-06,Canada
U0201,Ayaan Malhotra,2025-08-06,India
U0202,Sophia Walker,2025-08-06,UK
U0203,Vihaan Joshi,2025-08-06,India
U0204,Daniel Hughes,2025-08-06,Australia
U0205,Ananya Sharma,2025-08-06,India
U0206,Lucas Allen,2025-08-06,Canada
U0207,Rudra Khanna,2025-08-06,India
U0208,Olivia Brown,2025-08-06,USA
U0209,Prisha Mehta,2025-08-06,India
U0210,Ethan White,2025-08-06,UK
U0211,Advik Kapoor,2025-08-06,India
U0212,Amelia Scott,2025-08-06,Australia
U0213,Manav Verma,2025-08-06,India
U0214,Henry Carter,2025-08-06,Canada
U0215,Ira Menon,2025-08-06,India
U0216,Jacob Martin,2025-08-06,USA
U0217,Saanvi Nair,2025-08-06,India
U0218,Liam Evans,2025-08-06,Australia
U0219,Atharv Desai,2025-08-06,India
U0220,Emily Johnson,2025-08-06,UK
U0221,Aarohi Raina,2025-08-06,India
U0222,Michael Turner,2025-08-06,Canada
U0223,Rohan Gupta,2025-08-06,India
U0224,Charlotte Brooks,2025-08-06,USA
U0225,Anvi Shetty,2025-08-06,India
U0226,Oliver Hughes,2025-08-06,Australia
U0227,Kabir Sharma,2025-08-06,India
U0228,Grace Hall,2025-08-06,UK
U0229,Navya Joshi,2025-08-06,India
U0230,Ethan Russell,2025-08-06,Canada
U0231,Aarav Kapoor,2025-08-06,India
U0232,Sophia Lewis,2025-08-06,USA
U0233,Ayaan Bansal,2025-08-06,India
U0234,Leo Ross,2025-08-06,Australia
U0235,Riya Iyer,2025-08-06,India
U0236,Daniel Price,2025-08-06,UK
U0237,Ishaan Pillai,2025-08-06,India
U0238,Amelia Cook,2025-08-06,Canada
U0239,Aditya Chawla,2025-08-06,India
U0240,Liam Mitchell,2025-08-06,USA
U0241,Aarohi Menon,2025-08-06,India
U0242,Jack Thompson,2025-08-06,Australia
U0243,Siddharth Sharma,2025-08-06,India
U0244,Grace Robinson,2025-08-06,UK
U0245,Atharv Mehta,2025-08-06,India
U0246,Ethan Green,2025-08-06,Canada
U0247,Anvi Deshmukh,2025-08-06,India
U0248,Noah Scott,2025-08-06,USA
U0249,Pranav Kapoor,2025-08-06,India
U0250,Chloe Turner,2025-08-06,Australia
U0251,Manav Sharma,2025-08-06,India
U0252,James Hughes,2025-08-06,UK
U0253,Ira Bhatia,2025-08-06,India
U0254,Henry White,2025-08-06,Canada
U0255,Vihaan Jain,2025-08-06,India
U0256,Sophia Edwards,2025-08-06,USA
U0257,Arjun Sinha,2025-08-06,India
U0258,Leo Foster,2025-08-06,Australia
U0259,Riya Kapoor,2025-08-06,India
U0260,Daniel Allen,2025-08-06,UK
U0261,Ayaan Verma,2025-08-06,India
U0262,Olivia Harris,2025-08-06,Canada
U0263,Krishna Desai,2025-08-06,India
U0264,Jack Lopez,2025-08-06,USA
U0265,Saanvi Chawla,2025-08-06,India
U0266,Liam Hall,2025-08-06,Australia
U0267,Advik Sharma,2025-08-06,India
U0268,Grace King,2025-08-06,UK
U0269,Ananya Pillai,2025-08-06,India
U0270,Ethan Clark,2025-08-06,Canada
U0271,Arnav Malhotra,2025-08-06,India
U0272,Charlotte Carter,2025-08-06,USA
U0273,Aarav Singh,2025-08-06,India
U0274,Leo Hughes,2025-08-06,Australia
U0275,Prisha Sethi,2025-08-06,India
U0276,James Adams,2025-08-06,UK
U0277,Manan Kapoor,2025-08-06,India
U0278,Olivia Gray,2025-08-06,Canada
U0279,Siddharth Nair,2025-08-06,India
U0280,Noah Hill,2025-08-06,USA
U0281,Anvi Menon,2025-08-06,India
U0282,Henry Russell,2025-08-06,Australia
U0283,Kabir Jain,2025-08-06,India
U0284,Emily Wright,2025-08-06,UK
U0285,Atharv Pillai,2025-08-06,India
U0286,Liam Robinson,2025-08-06,Canada
U0287,Ira Malhotra,2025-08-06,India
U0288,Daniel Ross,2025-08-06,USA
U0289,Navya Gupta,2025-08-06,India
U0290,Sophie Green,2025-08-06,Australia
U0291,Ayaan Khanna,2025-08-06,India
U0292,Ethan Cooper,2025-08-06,UK
U0293,Riya Sharma,2025-08-06,India
U0294,Jack Hughes,2025-08-06,Canada
U0295,Pranav Suri,2025-08-06,India
U0296,Olivia Edwards,2025-08-06,USA
U0297,Vihaan Reddy,2025-08-06,India
U0298,Charlotte Ross,2025-08-06,Australia
U0299,Manav Bansal,2025-08-06,India
U0300,Henry Martin,2025-08-06,UK
U0301,Aarav Khanna,2025-08-06,India
U0302,Sophia Young,2025-08-06,USA
U0303,Vihaan Suri,2025-08-06,India
U0304,Oliver Scott,2025-08-06,Australia
U0305,Ananya Mehta,2025-08-06,India
U0306,Daniel Hughes,2025-08-06,Canada
U0307,Rudra Chawla,2025-08-06,India
U0308,Amelia Brown,2025-08-06,UK
U0309,Krishna Rathi,2025-08-06,India
U0310,Jack Robinson,2025-08-06,USA
U0311,Ira Kapoor,2025-08-06,India
U0312,Liam White,2025-08-06,Australia
U0313,Siddharth Sharma,2025-08-06,India
U0314,Grace Hall,2025-08-06,Canada
U0315,Prisha Iyer,2025-08-06,India
U0316,Noah Martin,2025-08-06,UK
U0317,Ayaan Nanda,2025-08-06,India
U0318,Olivia Green,2025-08-06,USA
U0319,Anvi Desai,2025-08-06,India
U0320,Jacob Carter,2025-08-06,Australia
U0321,Manan Joshi,2025-08-06,India
U0322,Emily Adams,2025-08-06,Canada
U0323,Atharv Reddy,2025-08-06,India
U0324,Leo Foster,2025-08-06,UK
U0325,Saanvi Sharma,2025-08-06,India
U0326,Henry Mitchell,2025-08-06,USA
U0327,Aarohi Bhatia,2025-08-06,India
U0328,Daniel Ross,2025-08-06,Australia
U0329,Ishaan Verma,2025-08-06,India
U0330,Sophia Hill,2025-08-06,Canada
U0331,Rohan Khanna,2025-08-06,India
U0332,James Allen,2025-08-06,UK
U0333,Navya Pillai,2025-08-06,India
U0334,Michael Robinson,2025-08-06,USA
U0335,Arjun Nair,2025-08-06,India
U0336,Olivia Russell,2025-08-06,Australia
U0337,Aarav Kapoor,2025-08-06,India
U0338,Henry King,2025-08-06,Canada
U0339,Meera Chawla,2025-08-06,India
U0340,Jack Hughes,2025-08-06,UK
U0341,Krishna Sethi,2025-08-06,India
U0342,Amelia Turner,2025-08-06,USA
U0343,Rudra Malhotra,2025-08-06,India
U0344,Chloe Robinson,2025-08-06,Australia
U0345,Anaya Sharma,2025-08-06,India
U0346,Lucas Price,2025-08-06,Canada
U0347,Pranav Verma,2025-08-06,India
U0348,Grace White,2025-08-06,UK
U0349,Ayaan Desai,2025-08-06,India
U0350,Ethan Scott,2025-08-06,USA
U0351,Anvi Kapoor,2025-08-06,India
U0352,Liam Walker,2025-08-06,Australia
U0353,Siddharth Menon,2025-08-06,India
U0354,Emily Ross,2025-08-06,Canada
U0355,Riya Khurana,2025-08-06,India
U0356,Noah Gray,2025-08-06,UK
U0357,Atharv Iyer,2025-08-06,India
U0358,Sophia Mitchell,2025-08-06,USA
U0359,Manav Joshi,2025-08-06,India
U0360,Oliver Adams,2025-08-06,Australia
U0361,Ira Sinha,2025-08-06,India
U0362,James Carter,2025-08-06,Canada
U0363,Aarav Nanda,2025-08-06,India
U0364,Charlotte Foster,2025-08-06,UK
U0365,Krishna Sharma,2025-08-06,India
U0366,Ethan Robinson,2025-08-06,USA
U0367,Prisha Malhotra,2025-08-06,India
U0368,Leo Hall,2025-08-06,Australia
U0369,Arjun Deshmukh,2025-08-06,India
U0370,Henry Clark,2025-08-06,Canada
U0371,Saanvi Kapoor,2025-08-06,India
U0372,Michael Hughes,2025-08-06,UK
U0373,Atharv Bansal,2025-08-06,India
U0374,Amelia Lewis,2025-08-06,USA
U0375,Ananya Iyer,2025-08-06,India
U0376,Lucas Martin,2025-08-06,Australia
U0377,Rudra Jain,2025-08-06,India
U0378,Chloe White,2025-08-06,Canada
U0379,Ayaan Pillai,2025-08-06,India
U0380,Daniel Thompson,2025-08-06,UK
U0381,Meera Suri,2025-08-06,India
U0382,Noah Ross,2025-08-06,USA
U0383,Aarohi Khanna,2025-08-06,India
U0384,Grace Scott,2025-08-06,Australia
U0385,Ishaan Sharma,2025-08-06,India
U0386,Henry Edwards,2025-08-06,Canada
U0387,Anvi Kapoor,2025-08-06,India
U0388,Jack Lopez,2025-08-06,UK
U0389,Siddharth Desai,2025-08-06,India
U0390,Emily King,2025-08-06,USA
U0391,Arnav Sethi,2025-08-06,India
U0392,Olivia Adams,2025-08-06,Australia
U0393,Aarav Sharma,2025-08-06,India
U0394,Daniel Robinson,2025-08-06,Canada
U0395,Navya Kapoor,2025-08-06,India
U0396,James Gray,2025-08-06,UK
U0397,Rohan Verma,2025-08-06,India
U0398,Charlotte Lewis,2025-08-06,USA
U0399,Ayaan Menon,2025-08-06,India
U0400,Ethan Russell,2025-08-06,Australia
U0401,Manav Chawla,2025-08-06,India
U0402,Amelia Hughes,2025-08-06,Canada
U0403,Atharv Sharma,2025-08-06,India
U0404,Noah Allen,2025-08-06,UK
U0405,Saanvi Kapoor,2025-08-06,India
U0406,Daniel Wright,2025-08-06,USA
U0407,Ayaan Verma,2025-08-06,India
U0408,Grace Evans,2025-08-06,Australia
U0409,Rudra Pillai,2025-08-06,India
U0410,Olivia Mitchell,2025-08-06,Canada
U0411,Advik Mehta,2025-08-06,India
U0412,Henry Carter,2025-08-06,UK
U0413,Prisha Nair,2025-08-06,India
U0414,Ethan Harris,2025-08-06,USA
U0415,Navya Khanna,2025-08-06,India
U0416,Jack Robinson,2025-08-06,Australia
U0417,Aarav Malhotra,2025-08-06,India
U0418,Emily Scott,2025-08-06,Canada
U0419,Siddharth Menon,2025-08-06,India
U0420,Liam Turner,2025-08-06,UK
U0421,Anvi Sharma,2025-08-06,India
U0422,Noah Ross,2025-08-06,USA
U0423,Ayaan Iyer,2025-08-06,India
U0424,Charlotte Green,2025-08-06,Australia
U0425,Arnav Desai,2025-08-06,India
U0426,James Hughes,2025-08-06,Canada
U0427,Ira Kapoor,2025-08-06,India
U0428,Ethan Robinson,2025-08-06,UK
U0429,Saanvi Rathi,2025-08-06,India
U0430,Leo Hall,2025-08-06,USA
U0431,Krishna Bansal,2025-08-06,India
U0432,Amelia Adams,2025-08-06,Australia
U0433,Aarav Verma,2025-08-06,India
U0434,Henry Clark,2025-08-06,Canada
U0435,Ananya Sharma,2025-08-06,India
U0436,Jacob White,2025-08-06,UK
U0437,Rudra Khurana,2025-08-06,India
U0438,Sophia Lopez,2025-08-06,USA
U0439,Pranav Sethi,2025-08-06,India
U0440,Oliver Scott,2025-08-06,Australia
U0441,Manan Reddy,2025-08-06,India
U0442,Emily Brown,2025-08-06,Canada
U0443,Ayaan Pillai,2025-08-06,India
U0444,Daniel Green,2025-08-06,UK
U0445,Navya Malhotra,2025-08-06,India
U0446,Liam Allen,2025-08-06,USA
U0447,Ira Menon,2025-08-06,India
U0448,Charlotte Hughes,2025-08-06,Australia
U0449,Advik Jain,2025-08-06,India
U0450,Henry Price,2025-08-06,Canada
U0451,Saanvi Sharma,2025-08-06,India
U0452,Jack Martin,2025-08-06,UK
U0453,Arjun Deshmukh,2025-08-06,India
U0454,Grace Cook,2025-08-06,USA
U0455,Aarohi Nanda,2025-08-06,India
U0456,Noah Ross,2025-08-06,Australia
U0457,Vihaan Kapoor,2025-08-06,India
U0458,Olivia Evans,2025-08-06,Canada
U0459,Krishna Chatterjee,2025-08-06,India
U0460,Ethan Gray,2025-08-06,UK
U0461,Anvi Gupta,2025-08-06,India
U0462,Lucas Thompson,2025-08-06,USA
U0463,Prisha Joshi,2025-08-06,India
U0464,Daniel Robinson,2025-08-06,Australia
U0465,Arnav Malhotra,2025-08-06,India
U0466,Emily Adams,2025-08-06,Canada
U0467,Ayaan Suri,2025-08-06,India
U0468,Liam Mitchell,2025-08-06,UK
U0469,Ira Reddy,2025-08-06,India
U0470,Noah Foster,2025-08-06,USA
U0471,Saanvi Pillai,2025-08-06,India
U0472,Henry Hughes,2025-08-06,Australia
U0473,Atharv Bansal,2025-08-06,India
U0474,Amelia King,2025-08-06,Canada
U0475,Rohan Sharma,2025-08-06,India
U0476,Jack Cooper,2025-08-06,UK
U0477,Navya Kapoor,2025-08-06,India
U0478,Ethan Hall,2025-08-06,USA
U0479,Pranav Khanna,2025-08-06,India
U0480,Charlotte Russell,2025-08-06,Australia
U0481,Ayaan Joshi,2025-08-06,India
U0482,Leo Edwards,2025-08-06,Canada
U0483,Ananya Iyer,2025-08-06,India
U0484,Daniel Hughes,2025-08-06,UK
U0485,Siddharth Mehta,2025-08-06,India
U0486,Grace Scott,2025-08-06,USA
U0487,Atharv Nair,2025-08-06,India
U0488,Liam Wright,2025-08-06,Australia
U0489,Ira Desai,2025-08-06,India
U0490,Michael Allen,2025-08-06,Canada
U0491,Rudra Sethi,2025-08-06,India
U0492,Amelia Lopez,2025-08-06,UK
U0493,Manav Rathi,2025-08-06,India
U0494,Noah Green,2025-08-06,USA
U0495,Aarohi Verma,2025-08-06,India
U0496,Oliver Carter,2025-08-06,Australia
U0497,Vihaan Jain,2025-08-06,India
U0498,Emily White,2025-08-06,Canada
U0499,Aarav Sinha,2025-08-06,India
U0500,Charlotte Gray,2025-08-06,UK